user_id,content_id,watch_time
1,395,13.460128000000001
1,396,9.907437
1,398,44.988065000000006
1,416,4.780947
1,459,3.142304
1,468,5.216666
1,591,67.842842
1,1339,15.946165
1,1392,110.804918
1,1701,4.612413
